,EURUSD,GBPUSD,USDJPY
2020-02-09,1.0909,1.2913,109.74
2020-02-10,1.0914,1.2951,109.77
2020-02-11,1.0871,1.296,110.08
2020-02-12,1.084,1.3045,109.81
2020-02-13,1.083,1.3046,109.74
2020-02-14,1.0831333333333333,1.3032666666666666,109.78666666666666
2020-02-15,1.0832666666666666,1.3019333333333334,109.83333333333333
2020-02-16,1.0834,1.3006,109.88
2020-02-17,1.0791,1.2998,109.86
2020-02-18,1.0804,1.2919,111.35
2020-02-19,1.0783,1.2879,112.11
2020-02-20,1.0843,1.2969,111.57
2020-02-21,1.0846,1.2954999999999999,111.28333333333333
2020-02-22,1.0849,1.2941,110.99666666666666
2020-02-23,1.0852,1.2927,110.71
2020-02-24,1.0879,1.3004,110.18
2020-02-25,1.0879,1.2903,110.42
2020-02-26,1.0998,1.2884,109.58
2020-02-27,1.1025,1.282,108.07
2020-02-28,1.1060666666666668,1.2796666666666667,108.14666666666666
2020-02-29,1.1096333333333332,1.2773333333333332,108.22333333333333
2020-03-01,1.1132,1.275,108.3
2020-03-02,1.1171,1.281,107.12
2020-03-03,1.1134,1.287,107.52
2020-03-04,1.1239,1.2954,106.16
2020-03-05,1.1285,1.3047,105.3
2020-03-06,1.1339000000000001,1.3074999999999999,104.31333333333333
2020-03-07,1.1393,1.3103,103.32666666666667
2020-03-08,1.1447,1.3131,102.34
2020-03-09,1.1279,1.2906,105.63
2020-03-10,1.1267,1.282,104.53
2020-03-11,1.1183,1.2571,104.63
2020-03-12,1.1105,1.2276,107.91
2020-03-13,1.1130333333333333,1.2272666666666667,107.22333333333333
2020-03-14,1.1155666666666668,1.2269333333333332,106.53666666666666
2020-03-15,1.1181,1.2266,105.85
2020-03-16,1.0996,1.205,107.67
2020-03-17,1.0913,1.1613,108.06
2020-03-18,1.069,1.1485,110.69
2020-03-19,1.0694,1.1641,110.8
2020-03-20,1.0703,1.161,110.93333333333334
2020-03-21,1.0712,1.1579,111.06666666666666
2020-03-22,1.0721,1.1548,111.2
2020-03-23,1.0787,1.1757,111.21
2020-03-24,1.088,1.1885,111.19
2020-03-25,1.1028,1.2201,109.58
2020-03-26,1.114,1.2456,107.89
2020-03-27,1.1108666666666667,1.2442666666666666,107.86333333333333
2020-03-28,1.1077333333333335,1.2429333333333334,107.83666666666667
2020-03-29,1.1046,1.2416,107.81
2020-03-30,1.1029,1.2418,107.53
2020-03-31,1.0962,1.2376,107.15
2020-04-01,1.0856,1.2392,107.9
2020-04-02,1.0808,1.226,108.45
2020-04-03,1.0802333333333334,1.2249666666666668,108.7
2020-04-04,1.0796666666666666,1.2239333333333333,108.95
2020-04-05,1.0791,1.2229,109.2
2020-04-06,1.0889,1.2337,108.7
2020-04-07,1.0856,1.2385,108.81
2020-04-08,1.0927,1.2455,108.46
2020-04-09,1.0935,1.2452,108.46
2020-04-10,1.0927666666666667,1.2470333333333334,108.22666666666666
2020-04-11,1.0920333333333332,1.2488666666666666,107.99333333333334
2020-04-12,1.0913,1.2507,107.76
2020-04-13,1.0979,1.2623,107.2
2020-04-14,1.0907,1.2514,107.47
2020-04-15,1.0835,1.2455,107.94
2020-04-16,1.0876,1.2499,107.51
2020-04-17,1.0871333333333333,1.2477666666666667,107.54333333333334
2020-04-18,1.0866666666666667,1.2456333333333334,107.57666666666667
2020-04-19,1.0862,1.2435,107.61
2020-04-20,1.0856,1.2293,107.76
2020-04-21,1.0822,1.2332,107.72
2020-04-22,1.0776,1.2342,107.58
2020-04-23,1.082,1.2367,107.5
2020-04-24,1.0822666666666667,1.2387333333333332,107.40666666666667
2020-04-25,1.0825333333333333,1.2407666666666666,107.31333333333333
2020-04-26,1.0828,1.2428,107.22
2020-04-27,1.0818,1.2421,106.86
2020-04-28,1.0873,1.2464,106.7
2020-04-29,1.0955,1.2592,107.17
2020-04-30,1.0983,1.2502,106.93
2020-05-01,1.0957333333333334,1.2482,106.86333333333334
2020-05-02,1.0931666666666666,1.2462,106.79666666666667
2020-05-03,1.0906,1.2442,106.73
2020-05-04,1.0838,1.2434,106.58
2020-05-05,1.0794,1.2341,106.14
2020-05-06,1.0832,1.2361,106.27
2020-05-07,1.084,1.2407,106.65
2020-05-08,1.0828666666666666,1.2383,106.98666666666666
2020-05-09,1.0817333333333334,1.2359,107.32333333333334
2020-05-10,1.0806,1.2335,107.66
2020-05-11,1.0846,1.2259,107.13
2020-05-12,1.0816,1.2229,107.02
2020-05-13,1.0804,1.2226,107.24
2020-05-14,1.0815,1.2104,107.02
2020-05-15,1.0847333333333333,1.2132333333333334,107.12333333333333
2020-05-16,1.0879666666666665,1.2160666666666666,107.22666666666666
2020-05-17,1.0912,1.2189,107.33
2020-05-18,1.0921,1.2251,107.68
2020-05-19,1.0977,1.2239,107.51
2020-05-20,1.0949,1.2222,107.61
2020-05-21,1.09,1.2164,107.61
2020-05-22,1.0899666666666668,1.2169999999999999,107.63666666666667
2020-05-23,1.0899333333333334,1.2176,107.66333333333333
2020-05-24,1.0899,1.2182,107.69
2020-05-25,1.098,1.2331,107.52
2020-05-26,1.1003,1.225,107.71
2020-05-27,1.1076,1.2316,107.63
2020-05-28,1.1098,1.2344,107.77
2020-05-29,1.111,1.2393333333333334,107.70666666666666
2020-05-30,1.1121999999999999,1.2442666666666666,107.64333333333333
2020-05-31,1.1134,1.2492,107.58
2020-06-01,1.1169,1.2549,108.66
2020-06-02,1.1232,1.2572,108.89
2020-06-03,1.1336,1.2594,109.13
2020-06-04,1.1284,1.2663,109.58
2020-06-05,1.1286666666666667,1.2682666666666667,109.19333333333333
2020-06-06,1.1289333333333333,1.2702333333333333,108.80666666666667
2020-06-07,1.1292,1.2722,108.42
2020-06-08,1.134,1.2729,107.72
2020-06-09,1.1369,1.2745,107.09
2020-06-10,1.1297,1.26,106.85
2020-06-11,1.1254,1.254,107.34
2020-06-12,1.1276666666666666,1.2560666666666667,107.33
2020-06-13,1.1299333333333335,1.2581333333333333,107.32000000000001
2020-06-14,1.1322,1.2602,107.31
2020-06-15,1.1263,1.2574,107.32
2020-06-16,1.1243,1.2554,107.0
2020-06-17,1.1202,1.2424,106.96
2020-06-18,1.1175,1.2356,106.87
2020-06-19,1.1202666666666665,1.2391,106.87
2020-06-20,1.1230333333333333,1.2426,106.87
2020-06-21,1.1258,1.2461,106.87
2020-06-22,1.1306,1.2518,106.51
2020-06-23,1.125,1.2418,107.02
2020-06-24,1.1217,1.2414,107.19
2020-06-25,1.1217,1.2333,107.21
2020-06-26,1.1224666666666667,1.2320666666666666,107.32666666666667
2020-06-27,1.1232333333333333,1.2308333333333334,107.44333333333333
2020-06-28,1.124,1.2296,107.56
2020-06-29,1.1231,1.2399,107.92
2020-06-30,1.125,1.247,107.46
2020-07-01,1.1238,1.2466,107.48
2020-07-02,1.1248,1.2483,107.5
2020-07-03,1.1268,1.2485666666666666,107.45
2020-07-04,1.1288,1.2488333333333335,107.39999999999999
2020-07-05,1.1308,1.2491,107.35
2020-07-06,1.127,1.254,107.51
2020-07-07,1.1329,1.2609,107.25
2020-07-08,1.1281,1.2604,107.19
2020-07-09,1.1298,1.262,106.89
2020-07-10,1.1312,1.2597333333333334,107.01333333333334
2020-07-11,1.1325999999999998,1.2574666666666667,107.13666666666667
2020-07-12,1.134,1.2552,107.26
2020-07-13,1.1396,1.2548,107.23
2020-07-14,1.141,1.258,106.92
2020-07-15,1.1383,1.2549,107.26
2020-07-16,1.1426,1.2565,106.99
2020-07-17,1.1432,1.2596666666666667,107.07333333333332
2020-07-18,1.1438000000000001,1.2628333333333333,107.15666666666667
2020-07-19,1.1444,1.266,107.24
2020-07-20,1.1526,1.2728,106.76
2020-07-21,1.1568,1.2732,107.14
2020-07-22,1.1594,1.2739,106.85
2020-07-23,1.1654,1.2789,106.12
2020-07-24,1.1686333333333334,1.2819666666666667,105.87
2020-07-25,1.1718666666666666,1.2850333333333332,105.62
2020-07-26,1.1751,1.2881,105.37
2020-07-27,1.1714,1.293,105.08
2020-07-28,1.179,1.2995,104.91
2020-07-29,1.1846,1.3093,104.72
2020-07-30,1.1774,1.3088,105.88
2020-07-31,1.1769666666666667,1.3082666666666667,105.89999999999999
2020-08-01,1.1765333333333332,1.3077333333333332,105.92
2020-08-02,1.1761,1.3072,105.94
2020-08-03,1.18,1.306,105.7
2020-08-04,1.1861,1.3112,105.57
2020-08-05,1.1875,1.3146,105.54
2020-08-06,1.1786,1.3051,105.91
2020-08-07,1.1769333333333334,1.3057333333333332,105.92333333333333
2020-08-08,1.1752666666666667,1.3063666666666667,105.93666666666667
2020-08-09,1.1736,1.307,105.95
2020-08-10,1.1739,1.3048,106.48
2020-08-11,1.1782,1.3032,106.89
2020-08-12,1.1812,1.3063,106.92
2020-08-13,1.1841,1.3084,106.59
2020-08-14,1.1850333333333334,1.309,106.39
2020-08-15,1.1859666666666666,1.3096,106.19
2020-08-16,1.1869,1.3102,105.99
2020-08-17,1.1929,1.3235,105.42
2020-08-18,1.1836,1.3098,106.1
2020-08-19,1.1859,1.3212,105.79
2020-08-20,1.1795,1.3087,105.78
2020-08-21,1.1792333333333334,1.3079,105.84333333333333
2020-08-22,1.1789666666666667,1.3071,105.90666666666667
2020-08-23,1.1787,1.3063,105.97
2020-08-24,1.1833,1.315,106.36
2020-08-25,1.1829,1.3208,105.98
2020-08-26,1.1821,1.3198,106.55
2020-08-27,1.1903,1.3349,105.34
2020-08-28,1.1914,1.3355666666666666,105.52333333333334
2020-08-29,1.1925,1.3362333333333334,105.70666666666666
2020-08-30,1.1936,1.3369,105.89
2020-08-31,1.191,1.3381,105.95
2020-09-01,1.1853,1.3352,106.18
2020-09-02,1.1849,1.328,106.17
2020-09-03,1.1838,1.3282,106.23
2020-09-04,1.1831,1.3243333333333334,106.23666666666666
2020-09-05,1.1824,1.3204666666666667,106.24333333333334
2020-09-06,1.1817,1.3166,106.25
2020-09-07,1.1779,1.2987,106.01
2020-09-08,1.1802,1.3,106.17
2020-09-09,1.1813,1.2803,106.13
2020-09-10,1.1845,1.2793,106.14
2020-09-11,1.1852666666666667,1.2810000000000001,106.0
2020-09-12,1.1860333333333335,1.2827,105.86
2020-09-13,1.1868,1.2844,105.72
2020-09-14,1.1845,1.2886,105.43
2020-09-15,1.1814,1.2965,104.94
2020-09-16,1.1847,1.2972,104.73
2020-09-17,1.1837,1.2915,104.55
2020-09-18,1.1814333333333333,1.2881333333333334,104.58
2020-09-19,1.1791666666666667,1.2847666666666668,104.61
2020-09-20,1.1769,1.2814,104.64
2020-09-21,1.1706,1.2731,104.91
2020-09-22,1.1659,1.2722,105.37
2020-09-23,1.1672,1.2749,105.4
2020-09-24,1.163,1.2745,105.6
2020-09-25,1.1641333333333335,1.2772333333333332,105.56333333333333
2020-09-26,1.1652666666666667,1.2799666666666667,105.52666666666666
2020-09-27,1.1664,1.2827,105.49
2020-09-28,1.1742,1.2861,105.64
2020-09-29,1.1718,1.2916,105.45
2020-09-30,1.1747,1.2889,105.5
2020-10-01,1.1713,1.2931,105.33
2020-10-02,1.1735666666666666,1.2946333333333333,105.46
2020-10-03,1.1758333333333333,1.2961666666666667,105.59
2020-10-04,1.1781,1.2977,105.72
2020-10-05,1.1734,1.2877,105.62
2020-10-06,1.176,1.2918,105.96
2020-10-07,1.1758,1.2933,106.01
2020-10-08,1.1824,1.3046,105.59
2020-10-09,1.1820333333333333,1.3052,105.49333333333334
2020-10-10,1.1816666666666666,1.3058,105.39666666666666
2020-10-11,1.1813,1.3064,105.3
2020-10-12,1.1744,1.2934,105.47
2020-10-13,1.1746,1.3011,105.15
2020-10-14,1.1706,1.2914,105.44
2020-10-15,1.1718,1.2913,105.4
2020-10-16,1.1734,1.2924333333333333,105.40666666666667
2020-10-17,1.175,1.2935666666666665,105.41333333333334
2020-10-18,1.1766,1.2947,105.42
2020-10-19,1.1821,1.2944,105.49
2020-10-20,1.1861,1.3144,104.56
2020-10-21,1.1816,1.3081,104.82
2020-10-22,1.1859,1.304,104.69
2020-10-23,1.1842,1.3034333333333334,104.73333333333333
2020-10-24,1.1825,1.3028666666666666,104.77666666666666
2020-10-25,1.1808,1.3023,104.82
2020-10-26,1.1795,1.3043,104.4
2020-10-27,1.1744,1.2981,104.29
2020-10-28,1.1674,1.2926,104.61
2020-10-29,1.1647,1.2941,104.64
2020-10-30,1.1644666666666668,1.2931333333333332,104.66333333333333
2020-10-31,1.1642333333333332,1.2921666666666667,104.68666666666667
2020-11-01,1.164,1.2912,104.71
2020-11-02,1.1711,1.3058,104.46
2020-11-03,1.1722,1.2985,104.48
2020-11-04,1.1821,1.3142,103.47
2020-11-05,1.1872,1.3156,103.33
2020-11-06,1.1852333333333334,1.3158333333333334,104.00666666666666
2020-11-07,1.1832666666666667,1.3160666666666667,104.68333333333334
2020-11-08,1.1813,1.3163,105.36
2020-11-09,1.1814,1.3271,105.28
2020-11-10,1.1777,1.3221,105.42
2020-11-11,1.1804,1.3114,105.12
2020-11-12,1.1832,1.3186,104.62
2020-11-13,1.1839,1.3187666666666666,104.60000000000001
2020-11-14,1.1846,1.3189333333333333,104.58
2020-11-15,1.1853,1.3191,104.56
2020-11-16,1.1861,1.3241,104.17
2020-11-17,1.1852,1.3269,103.83
2020-11-18,1.1873,1.3261,103.72
2020-11-19,1.1853,1.3282,103.85
2020-11-20,1.1848666666666667,1.3295666666666668,104.08
2020-11-21,1.1844333333333332,1.3309333333333333,104.31
2020-11-22,1.184,1.3323,104.54
2020-11-23,1.1888,1.3356,104.43
2020-11-24,1.1913,1.3382,104.45
2020-11-25,1.1913,1.3355,104.25
2020-11-26,1.1962,1.3314,104.1
2020-11-27,1.1950666666666667,1.3316333333333332,104.15666666666667
2020-11-28,1.1939333333333333,1.3318666666666668,104.21333333333332
2020-11-29,1.1928,1.3321,104.27
2020-11-30,1.207,1.3415,104.3
2020-12-01,1.2115,1.3363,104.4
2020-12-02,1.214,1.3452,103.83
2020-12-03,1.212,1.3437,104.14
2020-12-04,1.2116,1.3416666666666666,104.11333333333333
2020-12-05,1.2112,1.3396333333333332,104.08666666666667
2020-12-06,1.2108,1.3376,104.06
2020-12-07,1.2101,1.3353,104.15
2020-12-08,1.2081,1.3396,104.21
2020-12-09,1.2136,1.3293,104.2
2020-12-10,1.2111,1.3223,104.01
2020-12-11,1.2121666666666666,1.3256000000000001,104.01666666666667
2020-12-12,1.2132333333333334,1.3289,104.02333333333334
2020-12-13,1.2143,1.3322,104.03
2020-12-14,1.2151,1.3461,103.66
2020-12-15,1.2197,1.3507,103.48
2020-12-16,1.2266,1.3582,103.1
2020-12-17,1.2255,1.352,103.31
2020-12-18,1.2250666666666667,1.3501,103.30666666666667
2020-12-19,1.2246333333333332,1.3482,103.30333333333333
2020-12-20,1.2242,1.3463,103.3
2020-12-21,1.2161,1.336,103.63
2020-12-22,1.2185,1.3492,103.55
2020-12-23,1.2186,1.3555,103.63
2020-12-24,1.2204,1.3548,103.48
2020-12-25,1.2207333333333332,1.3515,103.58
2020-12-26,1.2210666666666667,1.3482,103.68
2020-12-27,1.2214,1.3449,103.78
2020-12-28,1.2247,1.35,103.56
2020-12-29,1.2295,1.3622,103.17
2020-12-30,1.2213,1.3673,103.24
2020-12-31,1.2212,1.3671,103.2
2021-01-01,1.2224000000000002,1.3637,103.16666666666667
2021-01-02,1.2236,1.3603,103.13333333333333
2021-01-03,1.2248,1.3569,103.1
2021-01-04,1.2294,1.3624,102.72
2021-01-05,1.2325,1.3607,103.04
2021-01-06,1.227,1.3563,103.8
2021-01-07,1.2218,1.3563,103.93
2021-01-08,1.2195,1.3546666666666667,104.03333333333333
2021-01-09,1.2172,1.3530333333333333,104.13666666666667
2021-01-10,1.2149,1.3514,104.24
2021-01-11,1.2207,1.3663,103.75
2021-01-12,1.2157,1.3637,103.85
2021-01-13,1.2156,1.3687,103.79
2021-01-14,1.2078,1.3586,103.87
2021-01-15,1.2077333333333333,1.3585333333333334,103.81
2021-01-16,1.2076666666666667,1.3584666666666667,103.75
2021-01-17,1.2076,1.3584,103.69
2021-01-18,1.2128,1.3628,103.89
2021-01-19,1.2104,1.3653,103.52
2021-01-20,1.2162,1.3732,103.48
2021-01-21,1.2167,1.3684,103.77
2021-01-22,1.2157,1.3680666666666668,103.75666666666666
2021-01-23,1.2147,1.3677333333333332,103.74333333333334
2021-01-24,1.2137,1.3674,103.73
2021-01-25,1.216,1.3733,103.6
2021-01-26,1.2108,1.3686,104.09
2021-01-27,1.2121,1.3718,104.21
2021-01-28,1.2136,1.3702,104.68
2021-01-29,1.2110333333333334,1.3688333333333333,104.75666666666667
2021-01-30,1.2084666666666666,1.3674666666666668,104.83333333333333
2021-01-31,1.2059,1.3661,104.91
2021-02-01,1.2042,1.3665,104.97
2021-02-02,1.2034,1.3644,105.01
2021-02-03,1.1962,1.367,105.54
2021-02-04,1.2042,1.3733,105.36
2021-02-05,1.2044,1.3734666666666666,105.31333333333333
2021-02-06,1.2046000000000001,1.3736333333333333,105.26666666666667
2021-02-07,1.2048,1.3738,105.22
2021-02-08,1.2117,1.3814,104.57
2021-02-09,1.2116,1.3828,104.57
2021-02-10,1.2128,1.3815,104.72
2021-02-11,1.2118,1.3844,104.93
2021-02-12,1.2121,1.3863666666666667,105.07333333333334
2021-02-13,1.2124,1.3883333333333334,105.21666666666667
2021-02-14,1.2127,1.3903,105.36
2021-02-15,1.2104,1.3901,106.04
2021-02-16,1.2036,1.3853,105.85
2021-02-17,1.2088,1.3971,105.66
2021-02-18,1.2117,1.4014,105.43
2021-02-19,1.2129333333333334,1.4029666666666667,105.30666666666667
2021-02-20,1.2141666666666666,1.4045333333333332,105.18333333333334
2021-02-21,1.2154,1.4061,105.06
2021-02-22,1.2149,1.411,105.24
2021-02-23,1.2164,1.4139,105.86
2021-02-24,1.2176,1.4013,106.21
2021-02-25,1.2074,1.3932,106.58
2021-02-26,1.2065000000000001,1.3928666666666667,106.63666666666667
2021-02-27,1.2056,1.3925333333333334,106.69333333333333
2021-02-28,1.2047,1.3922,106.75
2021-03-01,1.2089,1.3953,106.67
2021-03-02,1.2062,1.3953,106.99
2021-03-03,1.1966,1.3894,107.97
2021-03-04,1.1917,1.3841,108.34
2021-03-05,1.1892333333333334,1.3835333333333335,108.51333333333334
2021-03-06,1.1867666666666665,1.3829666666666667,108.68666666666667
2021-03-07,1.1843,1.3824,108.86
2021-03-08,1.1898,1.3893,108.46
2021-03-09,1.1925,1.393,108.38
2021-03-10,1.1984,1.399,108.49
2021-03-11,1.1952,1.3922,109.0
2021-03-12,1.1944000000000001,1.3912333333333333,109.04
2021-03-13,1.1936,1.3902666666666668,109.08
2021-03-14,1.1928,1.3893,109.12
2021-03-15,1.19,1.3887,108.98
2021-03-16,1.1978,1.3963,108.83
2021-03-17,1.1915,1.392,108.88
2021-03-18,1.1903,1.3868,108.87
2021-03-19,1.1912333333333334,1.3866333333333334,108.85666666666667
2021-03-20,1.1921666666666666,1.3864666666666667,108.84333333333333
2021-03-21,1.1931,1.3863,108.83
2021-03-22,1.1849,1.375,108.56
2021-03-23,1.1812,1.3683,108.72
2021-03-24,1.1764,1.3732,109.17
2021-03-25,1.1796,1.3787,109.64
2021-03-26,1.1784666666666666,1.3777666666666666,109.68666666666667
2021-03-27,1.1773333333333333,1.3768333333333334,109.73333333333333
2021-03-28,1.1762,1.3759,109.78
2021-03-29,1.1714,1.3739,110.34
2021-03-30,1.1728,1.3779,110.7
2021-03-31,1.1775,1.383,110.6
2021-04-01,1.1762,1.3829,110.71
2021-04-02,1.1778333333333333,1.3851666666666667,110.53
2021-04-03,1.1794666666666667,1.3874333333333333,110.35
2021-04-04,1.1811,1.3897,110.17
2021-04-05,1.1875,1.3823,109.74
2021-04-06,1.187,1.3734,109.84
2021-04-07,1.1912,1.3733,109.24
2021-04-08,1.1896,1.3708,109.65
2021-04-09,1.1900333333333333,1.3718666666666668,109.55666666666667
2021-04-10,1.1904666666666668,1.3729333333333333,109.46333333333334
2021-04-11,1.1909,1.374,109.37
2021-04-12,1.1946,1.3748,109.05
2021-04-13,1.1978,1.3778,108.91
2021-04-14,1.1965,1.3786,108.74
2021-04-15,1.1983,1.383,108.77
2021-04-16,1.1999666666666666,1.3881000000000001,108.56333333333333
2021-04-17,1.2016333333333333,1.3932,108.35666666666667
2021-04-18,1.2033,1.3983,108.15
2021-04-19,1.2033,1.3936,108.08
2021-04-20,1.2033,1.3929,108.05
2021-04-21,1.2015,1.3836,107.96
2021-04-22,1.2099,1.3874,107.91
2021-04-23,1.2093666666666667,1.3881333333333332,107.96666666666667
2021-04-24,1.2088333333333332,1.3888666666666667,108.02333333333333
2021-04-25,1.2083,1.3896,108.08
2021-04-26,1.209,1.3912,108.68
2021-04-27,1.2123,1.3932,108.59
2021-04-28,1.2118,1.394,108.91
2021-04-29,1.2018,1.3814,109.27
2021-04-30,1.2032333333333334,1.3845666666666667,109.2
2021-05-01,1.2046666666666666,1.3877333333333333,109.13
2021-05-02,1.2061,1.3909,109.06
2021-05-03,1.2013,1.3885,109.33
2021-05-04,1.2005,1.3903,109.18
2021-05-05,1.2064,1.3885,109.08
2021-05-06,1.2163,1.3972,108.6
2021-05-07,1.2151666666666667,1.4021333333333332,108.66
2021-05-08,1.2140333333333333,1.4070666666666667,108.72
2021-05-09,1.2129,1.412,108.78
2021-05-10,1.2146,1.4141,108.61
2021-05-11,1.2069,1.4052,109.65
2021-05-12,1.2078,1.405,109.45
2021-05-13,1.214,1.4096,109.34
2021-05-14,1.2143666666666666,1.4108666666666667,109.29
2021-05-15,1.2147333333333334,1.4121333333333332,109.24
2021-05-16,1.2151,1.4134,109.19
2021-05-17,1.222,1.4187,108.88
2021-05-18,1.2172,1.4113,109.21
2021-05-19,1.2226,1.4189,108.75
2021-05-20,1.2179,1.4147,108.94
2021-05-21,1.2191,1.4149666666666667,108.87333333333333
2021-05-22,1.2203,1.4152333333333333,108.80666666666666
2021-05-23,1.2215,1.4155,108.74
2021-05-24,1.225,1.4151,108.76
2021-05-25,1.219,1.4118,109.14
2021-05-26,1.2192,1.4205,109.8
2021-05-27,1.2189,1.4187,109.81
2021-05-28,1.2201,1.4194333333333333,109.72
2021-05-29,1.2213,1.4201666666666668,109.63000000000001
2021-05-30,1.2225,1.4209,109.54
2021-05-31,1.2211,1.4146,109.45
2021-06-01,1.2209,1.4168,109.54
2021-06-02,1.2124,1.4103,110.28
2021-06-03,1.2165,1.4154,109.49
2021-06-04,1.2173,1.4162,109.40666666666667
2021-06-05,1.2181,1.417,109.32333333333332
2021-06-06,1.2189,1.4178,109.24
2021-06-07,1.2171,1.4155,109.49
2021-06-08,1.2178,1.4118,109.61
2021-06-09,1.2169,1.4173,109.31
2021-06-10,1.2106,1.4106,109.65
2021-06-11,1.2109999999999999,1.4108,109.78666666666668
2021-06-12,1.2114,1.411,109.92333333333333
2021-06-13,1.2118,1.4112,110.06
2021-06-14,1.2124,1.408,110.07
2021-06-15,1.1994,1.3987,110.69
2021-06-16,1.1906,1.3919,110.2
2021-06-17,1.186,1.3809,110.19
2021-06-18,1.1878333333333333,1.3849,110.22666666666666
2021-06-19,1.1896666666666667,1.3889,110.26333333333334
2021-06-20,1.1915,1.3929,110.3
2021-06-21,1.1938,1.3947,110.64
2021-06-22,1.1925,1.3959,110.94
2021-06-23,1.193,1.3922,110.86
2021-06-24,1.1933,1.3877,110.77
2021-06-25,1.193,1.3879,110.72
2021-06-26,1.1926999999999999,1.3881000000000001,110.67
2021-06-27,1.1924,1.3883,110.62
2021-06-28,1.1895,1.3835,110.5
2021-06-29,1.1855,1.3827,111.1
2021-06-30,1.1848,1.3767,111.5
2021-07-01,1.1864,1.3821,111.04
2021-07-02,1.1863,1.3829,111.01333333333334
2021-07-03,1.1862,1.3837000000000002,110.98666666666666
2021-07-04,1.1861,1.3845,110.96
2021-07-05,1.1822,1.3799,110.6
2021-07-06,1.1789,1.38,110.65
2021-07-07,1.1842,1.3785,109.79
2021-07-08,1.1873,1.3899,110.14
2021-07-09,1.1868333333333334,1.3892666666666666,110.21
2021-07-10,1.1863666666666666,1.3886333333333332,110.28
2021-07-11,1.1859,1.388,110.35
2021-07-12,1.1774,1.3808,110.61
2021-07-13,1.1835,1.3856,109.99
2021-07-14,1.1812,1.3828,109.86
2021-07-15,1.1805,1.3772,110.08
2021-07-16,1.1802666666666668,1.3738666666666666,109.86666666666666
2021-07-17,1.1800333333333333,1.3705333333333334,109.65333333333334
2021-07-18,1.1798,1.3672,109.44
2021-07-19,1.1779,1.3626,109.84
2021-07-20,1.1792,1.371,110.27
2021-07-21,1.177,1.3763,110.14
2021-07-22,1.1771,1.3745,110.54
2021-07-23,1.1780333333333333,1.3768666666666667,110.47333333333334
2021-07-24,1.1789666666666667,1.3792333333333333,110.40666666666667
2021-07-25,1.1799,1.3816,110.34
2021-07-26,1.1814,1.3874,109.76
2021-07-27,1.1842,1.3898,109.9
2021-07-28,1.1886,1.3961,109.46
2021-07-29,1.187,1.3901,109.7
2021-07-30,1.1869,1.3894333333333333,109.56
2021-07-31,1.1868,1.3887666666666665,109.42
2021-08-01,1.1867,1.3881,109.28
2021-08-02,1.186,1.3914,109.04
2021-08-03,1.1835,1.3885,109.47
2021-08-04,1.1832,1.3928,109.74
2021-08-05,1.176,1.3871,110.25
2021-08-06,1.1752333333333334,1.3862,110.26
2021-08-07,1.1744666666666665,1.3853,110.27
2021-08-08,1.1737,1.3844,110.28
2021-08-09,1.1718,1.3843,110.56
2021-08-10,1.1737,1.3872,110.4
2021-08-11,1.1727,1.3804,110.38
2021-08-12,1.1791,1.3863,109.57
2021-08-13,1.1786333333333334,1.3858666666666668,109.45666666666666
2021-08-14,1.1781666666666666,1.3854333333333333,109.34333333333333
2021-08-15,1.1777,1.385,109.23
2021-08-16,1.1708,1.3739,109.57
2021-08-17,1.171,1.3755,109.74
2021-08-18,1.1674,1.3638,109.72
2021-08-19,1.1696,1.3621,109.8
2021-08-20,1.1711666666666667,1.3653,109.76
2021-08-21,1.1727333333333332,1.3685,109.72
2021-08-22,1.1743,1.3717,109.68
2021-08-23,1.1753,1.3727,109.62
2021-08-24,1.177,1.3759,109.99
2021-08-25,1.175,1.3699,110.07
2021-08-26,1.1793,1.3757,109.82
2021-08-27,1.1793666666666667,1.3757333333333333,109.85333333333332
2021-08-28,1.1794333333333333,1.3757666666666666,109.88666666666667
2021-08-29,1.1795,1.3758,109.92
2021-08-30,1.1807,1.3754,110.02
2021-08-31,1.1837,1.3768,109.99
2021-09-01,1.1873,1.3829,109.92
2021-09-02,1.1882,1.3865,109.73
2021-09-03,1.1877333333333333,1.3854666666666666,109.76333333333334
2021-09-04,1.1872666666666667,1.3844333333333334,109.79666666666667
2021-09-05,1.1868,1.3834,109.83
2021-09-06,1.1839,1.3782,110.27
2021-09-07,1.1813,1.3768,110.23
2021-09-08,1.1825,1.3835,109.7
2021-09-09,1.1814,1.3839,109.93
2021-09-10,1.1812,1.3838,109.94666666666667
2021-09-11,1.181,1.3837,109.96333333333334
2021-09-12,1.1808,1.3836,109.98
2021-09-13,1.1802,1.3806,109.67
2021-09-14,1.1815,1.3837,109.36
2021-09-15,1.1764,1.3788,109.7
2021-09-16,1.1725,1.3742,109.96
2021-09-17,1.1725,1.3713666666666666,109.77
2021-09-18,1.1725,1.3685333333333334,109.58
2021-09-19,1.1725,1.3657,109.39
2021-09-20,1.1723,1.3659,109.21
2021-09-21,1.1686,1.3625,109.78
2021-09-22,1.1736,1.3716,110.3
2021-09-23,1.1714,1.3682,110.72
2021-09-24,1.1707333333333334,1.3686333333333334,110.81333333333333
2021-09-25,1.1700666666666666,1.3690666666666667,110.90666666666667
2021-09-26,1.1694,1.3695,111.0
2021-09-27,1.1681,1.3534,111.5
2021-09-28,1.1595,1.3422,111.96
2021-09-29,1.1581,1.3472,111.27
2021-09-30,1.1594,1.3545,111.05
2021-10-01,1.1602999999999999,1.3567666666666667,110.99
2021-10-02,1.1612,1.3590333333333333,110.93
2021-10-03,1.1621,1.3613,110.87
2021-10-04,1.1596,1.3629,111.45
2021-10-05,1.1556,1.358,111.41
2021-10-06,1.155,1.3617,111.59
2021-10-07,1.1567,1.3611,112.22
2021-10-08,1.1561666666666668,1.3605666666666667,112.58
2021-10-09,1.1556333333333333,1.3600333333333332,112.94
2021-10-10,1.1551,1.3595,113.3
2021-10-11,1.1527,1.3585,113.6
2021-10-12,1.1592,1.3659,113.23
2021-10-13,1.1594,1.3673,113.66
2021-10-14,1.16,1.3749,114.2
2021-10-15,1.1602999999999999,1.3741,114.23666666666666
2021-10-16,1.1606,1.3733,114.27333333333334
2021-10-17,1.1609,1.3725,114.31
2021-10-18,1.1632,1.3795,114.36
2021-10-19,1.1649,1.3824,114.26
2021-10-20,1.1621,1.3791,113.97
2021-10-21,1.1647,1.3751,113.46
2021-10-22,1.1633333333333333,1.3756666666666666,113.53999999999999
2021-10-23,1.1619666666666668,1.3762333333333334,113.62
2021-10-24,1.1606,1.3768,113.7
2021-10-25,1.1595,1.3766,114.14
2021-10-26,1.1604,1.3746,113.81
2021-10-27,1.1679,1.3788,113.56
2021-10-28,1.1561,1.3691,114.0
2021-10-29,1.1576,1.3684666666666667,113.99333333333334
2021-10-30,1.1591,1.3678333333333332,113.98666666666666
2021-10-31,1.1606,1.3672,113.98
2021-11-01,1.1577,1.3614,113.95
2021-11-02,1.161,1.3684,113.98
2021-11-03,1.1552,1.3498,113.75
2021-11-04,1.1566,1.3494,113.4
2021-11-05,1.1572666666666667,1.3516333333333332,113.34
2021-11-06,1.1579333333333335,1.3538666666666668,113.28
2021-11-07,1.1586,1.3561,113.22
2021-11-08,1.1591,1.3554,112.85
2021-11-09,1.1478,1.3401,113.9
2021-11-10,1.145,1.3371,114.05
2021-11-11,1.145,1.3413,113.85
2021-11-12,1.1422333333333334,1.3414666666666666,113.94
2021-11-13,1.1394666666666666,1.3416333333333335,114.03
2021-11-14,1.1367,1.3418,114.12
2021-11-15,1.1319,1.3427,114.82
2021-11-16,1.1319,1.348,114.07
2021-11-17,1.1369,1.3488,114.24
2021-11-18,1.1288,1.3452,113.98
2021-11-19,1.127,1.3433333333333333,114.27333333333334
2021-11-20,1.1252,1.3414666666666666,114.56666666666666
2021-11-21,1.1234,1.3396,114.86
2021-11-22,1.1246,1.3374,115.12
2021-11-23,1.1197,1.3325,115.41
2021-11-24,1.1206,1.332,115.35
2021-11-25,1.1317,1.334,113.31
2021-11-26,1.1308333333333334,1.3330333333333333,113.38
2021-11-27,1.1299666666666666,1.3320666666666667,113.45
2021-11-28,1.1291,1.3311,113.52
2021-11-29,1.1336,1.3295,113.13
2021-11-30,1.1319,1.3277,112.75
2021-12-01,1.1299,1.3306,113.15
2021-12-02,1.1313,1.3231,112.8
2021-12-03,1.1303666666666667,1.3242,113.02
2021-12-04,1.1294333333333333,1.3253,113.24
2021-12-05,1.1285,1.3264,113.46
2021-12-06,1.1263,1.3242,113.57
2021-12-07,1.1342,1.3209,113.66
2021-12-08,1.1292,1.3219,113.44
2021-12-09,1.1311,1.3269,113.38
2021-12-10,1.1301666666666668,1.3251333333333333,113.44
2021-12-11,1.1292333333333333,1.3233666666666668,113.5
2021-12-12,1.1283,1.3216,113.56
2021-12-13,1.1257,1.3238,113.71
2021-12-14,1.1285,1.3263,114.02
2021-12-15,1.1328,1.3319,113.7
2021-12-16,1.1239,1.3242,113.67
2021-12-17,1.1251,1.3230333333333333,113.64
2021-12-18,1.1262999999999999,1.3218666666666667,113.61
2021-12-19,1.1275,1.3207,113.58
2021-12-20,1.1283,1.3265,114.08
2021-12-21,1.1324,1.3348,114.11
2021-12-22,1.1328,1.3404,114.37
2021-12-23,1.1317,1.3385,114.41
2021-12-24,1.1319666666666666,1.3402333333333334,114.55
2021-12-25,1.1322333333333334,1.3419666666666665,114.69
2021-12-26,1.1325,1.3437,114.83
2021-12-27,1.1309,1.3434,114.81
2021-12-28,1.1348,1.3486,114.94
2021-12-29,1.1323,1.3494,115.06
2021-12-30,1.1368,1.3529,115.08
